{"cameraMode":{"drawMode":0,"name":"Shaded","section":"Shading Mode"},"sceneLighting":false,"audioPlay":false,"sceneViewState":{"m_AlwaysRefresh":false,"showFog":true,"showSkybox":false,"showFlares":true,"showImageEffects":true,"showParticleSystems":true,"showVisualEffectGraphs":true,"m_FxEnabled":true},"in2DMode":false,"pivot":{"x":0.3952186703681946,"y":-0.33320552110671999,"z":1.2502715587615967},"rotation":{"x":0.3157069981098175,"y":-0.49916285276412966,"z":0.20169171690940858,"w":0.7813404202461243},"size":2.133974552154541,"orthographic":false}